0.000101,tcp,22,RSTOS0,0,0,0,1,0,0,0,0,0,0,0,0,0,0,0,0,0,0,0,0,0.000000,0.000000,0.000000,0.000000,0.000000,0.000000,0.000000,0,0,0.000000,0.000000,0.000000,0.000000,0.000000,0.000000,0.000000,0.000000
0.000190,tcp,22,RSTOS0,0,0,0,1,0,0,0,0,0,0,0,0,0,0,0,0,0,0,1,1,0.000000,0.000000,0.000000,0.000000,1.000000,0.000000,0.000000,1,1,1.000000,0.000000,0.000000,0.000000,0.000000,0.000000,0.000000,0.000000
0.000126,tcp,22,RSTOS0,0,0,0,1,0,0,0,0,0,0,0,0,0,0,0,0,0,0,2,2,0.000000,0.000000,0.000000,0.000000,1.000000,0.000000,0.000000,2,2,1.000000,0.000000,0.000000,0.000000,0.000000,0.000000,0.000000,0.000000
0.000091,tcp,22,RSTOS0,0,0,0,1,0,0,0,0,0,0,0,0,0,0,0,0,0,0,3,3,0.000000,0.000000,0.000000,0.000000,1.000000,0.000000,0.000000,3,3,1.000000,0.000000,0.000000,0.000000,0.000000,0.000000,0.000000,0.000000
0.000099,tcp,22,RSTOS0,0,0,0,1,0,0,0,0,0,0,0,0,0,0,0,0,0,0,4,4,0.000000,0.000000,0.000000,0.000000,1.000000,0.000000,0.000000,4,4,1.000000,0.000000,0.000000,0.000000,0.000000,0.000000,0.000000,0.000000
0.000140,tcp,22,RSTOS0,0,0,0,1,0,0,0,0,0,0,0,0,0,0,0,0,0,0,5,5,0.000000,0.000000,0.000000,0.000000,1.000000,0.000000,0.000000,5,5,1.000000,0.000000,0.000000,0.000000,0.000000,0.000000,0.000000,0.000000
0.000201,tcp,22,RSTOS0,0,0,0,1,0,0,0,0,0,0,0,0,0,0,0,0,0,0,6,6,0.000000,0.000000,0.000000,0.000000,1.000000,0.000000,0.000000,6,6,1.000000,0.000000,0.000000,0.000000,0.000000,0.000000,0.000000,0.000000
0.000120,tcp,22,OTH,0,0,0,1,0,0,0,0,0,0,0,0,0,0,0,0,0,0,7,7,0.000000,0.000000,0.000000,0.000000,1.000000,0.000000,0.000000,7,7,1.000000,0.000000,0.000000,0.000000,0.000000,0.000000,0.000000,0.000000
0.000125,tcp,22,OTH,0,0,0,1,0,0,0,0,0,0,0,0,0,0,0,0,0,0,8,8,0.000000,0.000000,0.000000,0.000000,1.000000,0.000000,0.000000,8,8,1.000000,0.000000,0.000000,0.000000,0.000000,0.000000,0.000000,0.000000
0.000121,tcp,22,OTH,0,0,0,1,0,0,0,0,0,0,0,0,0,0,0,0,0,0,9,9,0.000000,0.000000,0.000000,0.000000,1.000000,0.000000,0.000000,9,9,1.000000,0.000000,0.000000,0.000000,0.000000,0.000000,0.000000,0.000000
0.000087,tcp,22,OTH,0,0,0,1,0,0,0,0,0,0,0,0,0,0,0,0,0,0,10,10,0.000000,0.000000,0.000000,0.000000,1.000000,0.000000,0.000000,10,10,1.000000,0.000000,0.000000,0.000000,0.000000,0.000000,0.000000,0.000000
0.000099,tcp,22,OTH,0,0,0,1,0,0,0,0,0,0,0,0,0,0,0,0,0,0,11,11,0.000000,0.000000,0.000000,0.000000,1.000000,0.000000,0.000000,11,11,1.000000,0.000000,0.000000,0.000000,0.000000,0.000000,0.000000,0.000000
0.000133,tcp,22,RSTOS0,0,0,0,1,0,0,0,0,0,0,0,0,0,0,0,0,0,0,12,12,0.000000,0.000000,0.000000,0.000000,1.000000,0.000000,0.000000,12,12,1.000000,0.000000,0.000000,0.000000,0.000000,0.000000,0.000000,0.000000
0.000094,tcp,22,RSTOS0,0,0,0,1,0,0,0,0,0,0,0,0,0,0,0,0,0,0,13,13,0.000000,0.000000,0.000000,0.000000,1.000000,0.000000,0.000000,13,13,1.000000,0.000000,0.000000,0.000000,0.000000,0.000000,0.000000,0.000000
0.000133,tcp,22,RSTOS0,0,0,0,1,0,0,0,0,0,0,0,0,0,0,0,0,0,0,14,14,0.000000,0.000000,0.000000,0.000000,1.000000,0.000000,0.000000,14,14,1.000000,0.000000,0.000000,0.000000,0.000000,0.000000,0.000000,0.000000
0.000184,tcp,22,RSTOS0,0,0,0,1,0,0,0,0,0,0,0,0,0,0,0,0,0,0,15,15,0.000000,0.000000,0.000000,0.000000,1.000000,0.000000,0.000000,15,15,1.000000,0.000000,0.000000,0.000000,0.000000,0.000000,0.000000,0.000000
0.000107,tcp,22,RSTOS0,0,0,0,1,0,0,0,0,0,0,0,0,0,0,0,0,0,0,16,16,0.000000,0.000000,0.000000,0.000000,1.000000,0.000000,0.000000,16,16,1.000000,0.000000,0.000000,0.000000,0.000000,0.000000,0.000000,0.000000
0.000192,tcp,22,RSTOS0,0,0,0,1,0,0,0,0,0,0,0,0,0,0,0,0,0,0,17,17,0.000000,0.000000,0.000000,0.000000,1.000000,0.000000,0.000000,17,17,1.000000,0.000000,0.000000,0.000000,0.000000,0.000000,0.000000,0.000000
0.000164,tcp,22,RSTOS0,0,0,0,1,0,0,0,0,0,0,0,0,0,0,0,0,0,0,18,18,0.000000,0.000000,0.000000,0.000000,1.000000,0.000000,0.000000,18,18,1.000000,0.000000,0.000000,0.000000,0.000000,0.000000,0.000000,0.000000
0.000138,tcp,22,RSTOS0,0,0,0,1,0,0,0,0,0,0,0,0,0,0,0,0,0,0,19,19,0.000000,0.000000,0.000000,0.000000,1.000000,0.000000,0.000000,19,19,1.000000,0.000000,0.000000,0.000000,0.000000,0.000000,0.000000,0.000000
0.000081,tcp,22,RSTOS0,0,0,0,1,0,0,0,0,0,0,0,0,0,0,0,0,0,0,20,20,0.000000,0.000000,0.000000,0.000000,1.000000,0.000000,0.000000,20,20,1.000000,0.000000,0.000000,0.000000,0.000000,0.000000,0.000000,0.000000
0.000124,tcp,22,RSTOS0,0,0,0,1,0,0,0,0,0,0,0,0,0,0,0,0,0,0,21,21,0.000000,0.000000,0.000000,0.000000,1.000000,0.000000,0.000000,21,21,1.000000,0.000000,0.000000,0.000000,0.000000,0.000000,0.000000,0.000000
0.000152,tcp,22,RSTOS0,0,0,0,1,0,0,0,0,0,0,0,0,0,0,0,0,0,0,22,22,0.000000,0.000000,0.000000,0.000000,1.000000,0.000000,0.000000,22,22,1.000000,0.000000,0.000000,0.000000,0.000000,0.000000,0.000000,0.000000
0.000183,tcp,22,RSTOS0,0,0,0,1,0,0,0,0,0,0,0,0,0,0,0,0,0,0,23,23,0.000000,0.000000,0.000000,0.000000,1.000000,0.000000,0.000000,23,23,1.000000,0.000000,0.000000,0.000000,0.000000,0.000000,0.000000,0.000000
0.000138,tcp,22,RSTOS0,0,0,0,1,0,0,0,0,0,0,0,0,0,0,0,0,0,0,24,24,0.000000,0.000000,0.000000,0.000000,1.000000,0.000000,0.000000,24,24,1.000000,0.000000,0.000000,0.000000,0.000000,0.000000,0.000000,0.000000
0.000165,tcp,22,RSTOS0,0,0,0,1,0,0,0,0,0,0,0,0,0,0,0,0,0,0,25,25,0.000000,0.000000,0.000000,0.000000,1.000000,0.000000,0.000000,25,25,1.000000,0.000000,0.000000,0.000000,0.000000,0.000000,0.000000,0.000000
0.000199,tcp,22,RSTOS0,0,0,0,1,0,0,0,0,0,0,0,0,0,0,0,0,0,0,26,26,0.000000,0.000000,0.000000,0.000000,1.000000,0.000000,0.000000,26,26,1.000000,0.000000,0.000000,0.000000,0.000000,0.000000,0.000000,0.000000
0.000187,tcp,22,RSTOS0,0,0,0,1,0,0,0,0,0,0,0,0,0,0,0,0,0,0,27,27,0.000000,0.000000,0.000000,0.000000,1.000000,0.000000,0.000000,27,27,1.000000,0.000000,0.000000,0.000000,0.000000,0.000000,0.000000,0.000000
0.000154,tcp,22,RSTOS0,0,0,0,1,0,0,0,0,0,0,0,0,0,0,0,0,0,0,28,28,0.000000,0.000000,0.000000,0.000000,1.000000,0.000000,0.000000,28,28,1.000000,0.000000,0.000000,0.000000,0.000000,0.000000,0.000000,0.000000
0.000160,tcp,22,RSTOS0,0,0,0,1,0,0,0,0,0,0,0,0,0,0,0,0,0,0,29,29,0.000000,0.000000,0.000000,0.000000,1.000000,0.000000,0.000000,29,29,1.000000,0.000000,0.000000,0.000000,0.000000,0.000000,0.000000,0.000000
0.000153,tcp,22,RSTOS0,0,0,0,1,0,0,0,0,0,0,0,0,0,0,0,0,0,0,30,30,0.000000,0.000000,0.000000,0.000000,1.000000,0.000000,0.000000,30,30,1.000000,0.000000,0.000000,0.000000,0.000000,0.000000,0.000000,0.000000
0.000142,tcp,22,OTH,0,0,0,1,0,0,0,0,0,0,0,0,0,0,0,0,0,0,31,31,0.000000,0.000000,0.000000,0.000000,1.000000,0.000000,0.000000,31,31,1.000000,0.000000,0.000000,0.000000,0.000000,0.000000,0.000000,0.000000
0.000109,tcp,22,OTH,0,0,0,1,0,0,0,0,0,0,0,0,0,0,0,0,0,0,32,32,0.000000,0.000000,0.000000,0.000000,1.000000,0.000000,0.000000,32,32,1.000000,0.000000,0.000000,0.000000,0.000000,0.000000,0.000000,0.000000
0.000106,tcp,22,OTH,0,0,0,1,0,0,0,0,0,0,0,0,0,0,0,0,0,0,33,33,0.000000,0.000000,0.000000,0.000000,1.000000,0.000000,0.000000,33,33,1.000000,0.000000,0.000000,0.000000,0.000000,0.000000,0.000000,0.000000
0.000126,tcp,22,OTH,0,0,0,1,0,0,0,0,0,0,0,0,0,0,0,0,0,0,34,34,0.000000,0.000000,0.000000,0.000000,1.000000,0.000000,0.000000,34,34,1.000000,0.000000,0.000000,0.000000,0.000000,0.000000,0.000000,0.000000
0.000097,tcp,22,OTH,0,0,0,1,0,0,0,0,0,0,0,0,0,0,0,0,0,0,35,35,0.000000,0.000000,0.000000,0.000000,1.000000,0.000000,0.000000,35,35,1.000000,0.000000,0.000000,0.000000,0.000000,0.000000,0.000000,0.000000
0.000126,tcp,22,RSTOS0,0,0,0,1,0,0,0,0,0,0,0,0,0,0,0,0,0,0,36,36,0.000000,0.000000,0.000000,0.000000,1.000000,0.000000,0.000000,36,36,1.000000,0.000000,0.000000,0.000000,0.000000,0.000000,0.000000,0.000000
0.000100,tcp,22,RSTOS0,0,0,0,1,0,0,0,0,0,0,0,0,0,0,0,0,0,0,37,37,0.000000,0.000000,0.000000,0.000000,1.000000,0.000000,0.000000,37,37,1.000000,0.000000,0.000000,0.000000,0.000000,0.000000,0.000000,0.000000
0.000183,tcp,22,RSTOS0,0,0,0,1,0,0,0,0,0,0,0,0,0,0,0,0,0,0,38,38,0.000000,0.000000,0.000000,0.000000,1.000000,0.000000,0.000000,38,38,1.000000,0.000000,0.000000,0.000000,0.000000,0.000000,0.000000,0.000000
0.000165,tcp,22,RSTOS0,0,0,0,1,0,0,0,0,0,0,0,0,0,0,0,0,0,0,39,39,0.000000,0.000000,0.000000,0.000000,1.000000,0.000000,0.000000,39,39,1.000000,0.000000,0.000000,0.000000,0.000000,0.000000,0.000000,0.000000
0.000146,tcp,22,RSTOS0,0,0,0,1,0,0,0,0,0,0,0,0,0,0,0,0,0,0,40,40,0.000000,0.000000,0.000000,0.000000,1.000000,0.000000,0.000000,40,40,1.000000,0.000000,0.000000,0.000000,0.000000,0.000000,0.000000,0.000000
0.000112,tcp,22,RSTOS0,0,0,0,1,0,0,0,0,0,0,0,0,0,0,0,0,0,0,41,41,0.000000,0.000000,0.000000,0.000000,1.000000,0.000000,0.000000,41,41,1.000000,0.000000,0.000000,0.000000,0.000000,0.000000,0.000000,0.000000
0.000165,tcp,22,RSTOS0,0,0,0,1,0,0,0,0,0,0,0,0,0,0,0,0,0,0,42,42,0.000000,0.000000,0.000000,0.000000,1.000000,0.000000,0.000000,42,42,1.000000,0.000000,0.000000,0.000000,0.000000,0.000000,0.000000,0.000000
0.000123,tcp,22,RSTOS0,0,0,0,1,0,0,0,0,0,0,0,0,0,0,0,0,0,0,43,43,0.000000,0.000000,0.000000,0.000000,1.000000,0.000000,0.000000,43,43,1.000000,0.000000,0.000000,0.000000,0.000000,0.000000,0.000000,0.000000
0.000200,tcp,22,OTH,0,0,0,1,0,0,0,0,0,0,0,0,0,0,0,0,0,0,44,44,0.000000,0.000000,0.000000,0.000000,1.000000,0.000000,0.000000,44,44,1.000000,0.000000,0.000000,0.000000,0.000000,0.000000,0.000000,0.000000
0.000191,tcp,22,OTH,0,0,0,1,0,0,0,0,0,0,0,0,0,0,0,0,0,0,45,45,0.000000,0.000000,0.000000,0.000000,1.000000,0.000000,0.000000,45,45,1.000000,0.000000,0.000000,0.000000,0.000000,0.000000,0.000000,0.000000
0.000082,tcp,22,OTH,0,0,0,1,0,0,0,0,0,0,0,0,0,0,0,0,0,0,46,46,0.000000,0.000000,0.000000,0.000000,1.000000,0.000000,0.000000,46,46,1.000000,0.000000,0.000000,0.000000,0.000000,0.000000,0.000000,0.000000
0.000113,tcp,22,OTH,0,0,0,1,0,0,0,0,0,0,0,0,0,0,0,0,0,0,47,47,0.000000,0.000000,0.000000,0.000000,1.000000,0.000000,0.000000,47,47,1.000000,0.000000,0.000000,0.000000,0.000000,0.000000,0.000000,0.000000
0.000087,tcp,22,OTH,0,0,0,1,0,0,0,0,0,0,0,0,0,0,0,0,0,0,48,48,0.000000,0.000000,0.000000,0.000000,1.000000,0.000000,0.000000,48,48,1.000000,0.000000,0.000000,0.000000,0.000000,0.000000,0.000000,0.000000
0.000132,tcp,22,OTH,0,0,0,1,0,0,0,0,0,0,0,0,0,0,0,0,0,0,49,49,0.000000,0.000000,0.000000,0.000000,1.000000,0.000000,0.000000,49,49,1.000000,0.000000,0.000000,0.000000,0.000000,0.000000,0.000000,0.000000
0.000123,tcp,22,OTH,0,0,0,1,0,0,0,0,0,0,0,0,0,0,0,0,0,0,50,50,0.000000,0.000000,0.000000,0.000000,1.000000,0.000000,0.000000,50,50,1.000000,0.000000,0.000000,0.000000,0.000000,0.000000,0.000000,0.000000
0.000111,tcp,22,OTH,0,0,0,1,0,0,0,0,0,0,0,0,0,0,0,0,0,0,51,51,0.000000,0.000000,0.000000,0.000000,1.000000,0.000000,0.000000,51,51,1.000000,0.000000,0.000000,0.000000,0.000000,0.000000,0.000000,0.000000
0.000133,tcp,22,RSTOS0,0,0,0,1,0,0,0,0,0,0,0,0,0,0,0,0,0,0,52,52,0.000000,0.000000,0.000000,0.000000,1.000000,0.000000,0.000000,52,52,1.000000,0.000000,0.000000,0.000000,0.000000,0.000000,0.000000,0.000000
0.000139,tcp,22,RSTOS0,0,0,0,1,0,0,0,0,0,0,0,0,0,0,0,0,0,0,53,53,0.000000,0.000000,0.000000,0.000000,1.000000,0.000000,0.000000,53,53,1.000000,0.000000,0.000000,0.000000,0.000000,0.000000,0.000000,0.000000
0.000103,tcp,22,RSTOS0,0,0,0,1,0,0,0,0,0,0,0,0,0,0,0,0,0,0,54,54,0.000000,0.000000,0.000000,0.000000,1.000000,0.000000,0.000000,54,54,1.000000,0.000000,0.000000,0.000000,0.000000,0.000000,0.000000,0.000000
0.000128,tcp,22,RSTOS0,0,0,0,1,0,0,0,0,0,0,0,0,0,0,0,0,0,0,55,55,0.000000,0.000000,0.000000,0.000000,1.000000,0.000000,0.000000,55,55,1.000000,0.000000,0.000000,0.000000,0.000000,0.000000,0.000000,0.000000
0.000090,tcp,22,RSTOS0,0,0,0,1,0,0,0,0,0,0,0,0,0,0,0,0,0,0,56,56,0.000000,0.000000,0.000000,0.000000,1.000000,0.000000,0.000000,56,56,1.000000,0.000000,0.000000,0.000000,0.000000,0.000000,0.000000,0.000000
0.000117,tcp,22,RSTOS0,0,0,0,1,0,0,0,0,0,0,0,0,0,0,0,0,0,0,57,57,0.000000,0.000000,0.000000,0.000000,1.000000,0.000000,0.000000,57,57,1.000000,0.000000,0.000000,0.000000,0.000000,0.000000,0.000000,0.000000
0.000084,tcp,22,RSTOS0,0,0,0,1,0,0,0,0,0,0,0,0,0,0,0,0,0,0,58,58,0.000000,0.000000,0.000000,0.000000,1.000000,0.000000,0.000000,58,58,1.000000,0.000000,0.000000,0.000000,0.000000,0.000000,0.000000,0.000000
0.000092,tcp,22,RSTOS0,0,0,0,1,0,0,0,0,0,0,0,0,0,0,0,0,0,0,59,59,0.000000,0.000000,0.000000,0.000000,1.000000,0.000000,0.000000,59,59,1.000000,0.000000,0.000000,0.000000,0.000000,0.000000,0.000000,0.000000
0.000130,tcp,22,RSTOS0,0,0,0,1,0,0,0,0,0,0,0,0,0,0,0,0,0,0,60,60,0.000000,0.000000,0.000000,0.000000,1.000000,0.000000,0.000000,60,60,1.000000,0.000000,0.000000,0.000000,0.000000,0.000000,0.000000,0.000000
0.000173,tcp,22,RSTOS0,0,0,0,1,0,0,0,0,0,0,0,0,0,0,0,0,0,0,61,61,0.000000,0.000000,0.000000,0.000000,1.000000,0.000000,0.000000,61,61,1.000000,0.000000,0.000000,0.000000,0.000000,0.000000,0.000000,0.000000
0.000168,tcp,22,RSTOS0,0,0,0,1,0,0,0,0,0,0,0,0,0,0,0,0,0,0,62,62,0.000000,0.000000,0.000000,0.000000,1.000000,0.000000,0.000000,62,62,1.000000,0.000000,0.000000,0.000000,0.000000,0.000000,0.000000,0.000000
0.000109,tcp,22,RSTOS0,0,0,0,1,0,0,0,0,0,0,0,0,0,0,0,0,0,0,63,63,0.000000,0.000000,0.000000,0.000000,1.000000,0.000000,0.000000,63,63,1.000000,0.000000,0.000000,0.000000,0.000000,0.000000,0.000000,0.000000
0.000166,tcp,22,RSTOS0,0,0,0,1,0,0,0,0,0,0,0,0,0,0,0,0,0,0,64,64,0.000000,0.000000,0.000000,0.000000,1.000000,0.000000,0.000000,64,64,1.000000,0.000000,0.000000,0.000000,0.000000,0.000000,0.000000,0.000000
0.000187,tcp,22,RSTOS0,0,0,0,1,0,0,0,0,0,0,0,0,0,0,0,0,0,0,65,65,0.000000,0.000000,0.000000,0.000000,1.000000,0.000000,0.000000,65,65,1.000000,0.000000,0.000000,0.000000,0.000000,0.000000,0.000000,0.000000
0.000122,tcp,22,RSTOS0,0,0,0,1,0,0,0,0,0,0,0,0,0,0,0,0,0,0,66,66,0.000000,0.000000,0.000000,0.000000,1.000000,0.000000,0.000000,66,66,1.000000,0.000000,0.000000,0.000000,0.000000,0.000000,0.000000,0.000000
0.000142,tcp,22,RSTOS0,0,0,0,1,0,0,0,0,0,0,0,0,0,0,0,0,0,0,67,67,0.000000,0.000000,0.000000,0.000000,1.000000,0.000000,0.000000,67,67,1.000000,0.000000,0.000000,0.000000,0.000000,0.000000,0.000000,0.000000
0.000133,tcp,22,OTH,0,0,0,1,0,0,0,0,0,0,0,0,0,0,0,0,0,0,68,68,0.000000,0.000000,0.000000,0.000000,1.000000,0.000000,0.000000,68,68,1.000000,0.000000,0.000000,0.000000,0.000000,0.000000,0.000000,0.000000
0.000079,tcp,22,OTH,0,0,0,1,0,0,0,0,0,0,0,0,0,0,0,0,0,0,69,69,0.000000,0.000000,0.000000,0.000000,1.000000,0.000000,0.000000,69,69,1.000000,0.000000,0.000000,0.000000,0.000000,0.000000,0.000000,0.000000
0.000116,tcp,22,OTH,0,0,0,1,0,0,0,0,0,0,0,0,0,0,0,0,0,0,70,70,0.000000,0.000000,0.000000,0.000000,1.000000,0.000000,0.000000,70,70,1.000000,0.000000,0.000000,0.000000,0.000000,0.000000,0.000000,0.000000
0.000094,tcp,22,OTH,0,0,0,1,0,0,0,0,0,0,0,0,0,0,0,0,0,0,71,71,0.000000,0.000000,0.000000,0.000000,1.000000,0.000000,0.000000,71,71,1.000000,0.000000,0.000000,0.000000,0.000000,0.000000,0.000000,0.000000
0.000094,tcp,22,RSTOS0,0,0,0,1,0,0,0,0,0,0,0,0,0,0,0,0,0,0,72,72,0.000000,0.000000,0.000000,0.000000,1.000000,0.000000,0.000000,72,72,1.000000,0.000000,0.000000,0.000000,0.000000,0.000000,0.000000,0.000000
0.000087,tcp,22,RSTOS0,0,0,0,1,0,0,0,0,0,0,0,0,0,0,0,0,0,0,73,73,0.000000,0.000000,0.000000,0.000000,1.000000,0.000000,0.000000,73,73,1.000000,0.000000,0.000000,0.000000,0.000000,0.000000,0.000000,0.000000
0.000113,tcp,22,RSTOS0,0,0,0,1,0,0,0,0,0,0,0,0,0,0,0,0,0,0,74,74,0.000000,0.000000,0.000000,0.000000,1.000000,0.000000,0.000000,74,74,1.000000,0.000000,0.000000,0.000000,0.000000,0.000000,0.000000,0.000000
0.000162,tcp,22,RSTOS0,0,0,0,1,0,0,0,0,0,0,0,0,0,0,0,0,0,0,75,75,0.000000,0.000000,0.000000,0.000000,1.000000,0.000000,0.000000,75,75,1.000000,0.000000,0.000000,0.000000,0.000000,0.000000,0.000000,0.000000
0.000151,tcp,22,RSTOS0,0,0,0,1,0,0,0,0,0,0,0,0,0,0,0,0,0,0,76,76,0.000000,0.000000,0.000000,0.000000,1.000000,0.000000,0.000000,76,76,1.000000,0.000000,0.000000,0.000000,0.000000,0.000000,0.000000,0.000000
0.000135,tcp,22,RSTOS0,0,0,0,1,0,0,0,0,0,0,0,0,0,0,0,0,0,0,77,77,0.000000,0.000000,0.000000,0.000000,1.000000,0.000000,0.000000,77,77,1.000000,0.000000,0.000000,0.000000,0.000000,0.000000,0.000000,0.000000
0.000098,tcp,22,RSTOS0,0,0,0,1,0,0,0,0,0,0,0,0,0,0,0,0,0,0,78,78,0.000000,0.000000,0.000000,0.000000,1.000000,0.000000,0.000000,78,78,1.000000,0.000000,0.000000,0.000000,0.000000,0.000000,0.000000,0.000000
0.000117,tcp,22,RSTOS0,0,0,0,1,0,0,0,0,0,0,0,0,0,0,0,0,0,0,79,79,0.000000,0.000000,0.000000,0.000000,1.000000,0.000000,0.000000,79,79,1.000000,0.000000,0.000000,0.000000,0.000000,0.000000,0.000000,0.000000
0.000137,tcp,22,RSTOS0,0,0,0,1,0,0,0,0,0,0,0,0,0,0,0,0,0,0,80,80,0.000000,0.000000,0.000000,0.000000,1.000000,0.000000,0.000000,80,80,1.000000,0.000000,0.000000,0.000000,0.000000,0.000000,0.000000,0.000000
0.000824,tcp,22,SH,0,0,0,3,0,0,0,0,0,0,0,0,0,0,0,0,0,0,81,81,0.000000,0.000000,0.000000,0.000000,1.000000,0.000000,0.000000,81,81,1.000000,0.000000,0.000000,0.000000,0.000000,0.000000,0.000000,0.000000
0.181061,tcp,22,RSTOS0,0,0,0,3,0,0,0,0,0,0,0,0,0,0,0,0,0,0,82,82,0.000000,0.000000,0.000000,0.000000,1.000000,0.000000,0.000000,82,82,1.000000,0.000000,0.000000,0.000000,0.000000,0.000000,0.000000,0.000000
0.190688,tcp,22,RSTOS0,0,0,0,3,0,0,0,0,0,0,0,0,0,0,0,0,0,0,83,83,0.000000,0.000000,0.000000,0.000000,1.000000,0.000000,0.000000,83,83,1.000000,0.000000,0.000000,0.000000,0.000000,0.000000,0.000000,0.000000
0.003783,tcp,22,SH,0,0,0,3,0,0,0,0,0,0,0,0,0,0,0,0,0,0,84,84,0.000000,0.000000,0.000000,0.000000,1.000000,0.000000,0.000000,84,84,1.000000,0.000000,0.000000,0.000000,0.000000,0.000000,0.000000,0.000000
0.187926,tcp,22,RSTOS0,0,0,0,3,0,0,0,0,0,0,0,0,0,0,0,0,0,0,85,85,0.000000,0.000000,0.000000,0.000000,1.000000,0.000000,0.000000,85,85,1.000000,0.000000,0.000000,0.000000,0.000000,0.000000,0.000000,0.000000
0.001089,tcp,22,SH,0,0,0,3,0,0,0,0,0,0,0,0,0,0,0,0,0,0,86,86,0.000000,0.000000,0.000000,0.000000,1.000000,0.000000,0.000000,86,86,1.000000,0.000000,0.000000,0.000000,0.000000,0.000000,0.000000,0.000000
0.165777,tcp,22,RSTOS0,0,0,0,3,0,0,0,0,0,0,0,0,0,0,0,0,0,0,87,87,0.000000,0.000000,0.000000,0.000000,1.000000,0.000000,0.000000,87,87,1.000000,0.000000,0.000000,0.000000,0.000000,0.000000,0.000000,0.000000
0.196687,tcp,22,RSTOS0,0,0,0,3,0,0,0,0,0,0,0,0,0,0,0,0,0,0,88,88,0.000000,0.000000,0.000000,0.000000,1.000000,0.000000,0.000000,88,88,1.000000,0.000000,0.000000,0.000000,0.000000,0.000000,0.000000,0.000000
0.187304,tcp,22,RSTOS0,0,0,0,3,0,0,0,0,0,0,0,0,0,0,0,0,0,0,89,89,0.000000,0.000000,0.000000,0.000000,1.000000,0.000000,0.000000,89,89,1.000000,0.000000,0.000000,0.000000,0.000000,0.000000,0.000000,0.000000
0.004041,tcp,22,SH,0,0,0,2,0,0,0,0,0,0,0,0,0,0,0,0,0,0,90,90,0.000000,0.000000,0.000000,0.000000,1.000000,0.000000,0.000000,90,90,1.000000,0.000000,0.000000,0.000000,0.000000,0.000000,0.000000,0.000000
0.002115,tcp,22,SH,0,0,0,2,0,0,0,0,0,0,0,0,0,0,0,0,0,0,91,91,0.000000,0.000000,0.000000,0.000000,1.000000,0.000000,0.000000,91,91,1.000000,0.000000,0.000000,0.000000,0.000000,0.000000,0.000000,0.000000
0.173657,tcp,22,RSTOS0,0,0,0,3,0,0,0,0,0,0,0,0,0,0,0,0,0,0,92,92,0.000000,0.000000,0.000000,0.000000,1.000000,0.000000,0.000000,92,92,1.000000,0.000000,0.000000,0.000000,0.000000,0.000000,0.000000,0.000000
0.003141,tcp,22,SH,0,0,0,3,0,0,0,0,0,0,0,0,0,0,0,0,0,0,93,93,0.000000,0.000000,0.000000,0.000000,1.000000,0.000000,0.000000,93,93,1.000000,0.000000,0.000000,0.000000,0.000000,0.000000,0.000000,0.000000
0.252161,tcp,22,RSTOS0,0,0,0,3,0,0,0,0,0,0,0,0,0,0,0,0,0,0,94,94,0.000000,0.000000,0.000000,0.000000,1.000000,0.000000,0.000000,94,94,1.000000,0.000000,0.000000,0.000000,0.000000,0.000000,0.000000,0.000000
0.003392,tcp,22,SH,0,0,0,2,0,0,0,0,0,0,0,0,0,0,0,0,0,0,95,95,0.000000,0.000000,0.000000,0.000000,1.000000,0.000000,0.000000,95,95,1.000000,0.000000,0.000000,0.000000,0.000000,0.000000,0.000000,0.000000
0.131569,tcp,22,RSTOS0,0,0,0,3,0,0,0,0,0,0,0,0,0,0,0,0,0,0,96,96,0.000000,0.000000,0.000000,0.000000,1.000000,0.000000,0.000000,96,96,1.000000,0.000000,0.000000,0.000000,0.000000,0.000000,0.000000,0.000000
0.198018,tcp,22,RSTOS0,0,0,0,3,0,0,0,0,0,0,0,0,0,0,0,0,0,0,97,97,0.000000,0.000000,0.000000,0.000000,1.000000,0.000000,0.000000,97,97,1.000000,0.000000,0.000000,0.000000,0.000000,0.000000,0.000000,0.000000
0.220940,tcp,22,RSTOS0,0,0,0,3,0,0,0,0,0,0,0,0,0,0,0,0,0,0,98,98,0.000000,0.000000,0.000000,0.000000,1.000000,0.000000,0.000000,98,98,1.000000,0.000000,0.000000,0.000000,0.000000,0.000000,0.000000,0.000000
0.003098,tcp,22,SH,0,0,0,2,0,0,0,0,0,0,0,0,0,0,0,0,0,0,99,99,0.000000,0.000000,0.000000,0.000000,1.000000,0.000000,0.000000,99,99,1.000000,0.000000,0.000000,0.000000,0.000000,0.000000,0.000000,0.000000
0.257125,tcp,22,RSTOS0,0,0,0,3,0,0,0,0,0,0,0,0,0,0,0,0,0,0,100,100,0.000000,0.000000,0.000000,0.000000,1.000000,0.000000,0.000000,100,100,1.000000,0.000000,0.000000,0.000000,0.000000,0.000000,0.000000,0.000000
0.256103,tcp,22,RSTOS0,0,0,0,3,0,0,0,0,0,0,0,0,0,0,0,0,0,0,101,101,0.000000,0.000000,0.000000,0.000000,1.000000,0.000000,0.000000,100,100,1.000000,0.000000,0.000000,0.000000,0.000000,0.000000,0.000000,0.000000
0.003978,tcp,22,SH,0,0,0,2,0,0,0,0,0,0,0,0,0,0,0,0,0,0,102,102,0.000000,0.000000,0.000000,0.000000,1.000000,0.000000,0.000000,100,100,1.000000,0.000000,0.000000,0.000000,0.000000,0.000000,0.000000,0.000000
0.003672,tcp,22,SH,0,0,0,2,0,0,0,0,0,0,0,0,0,0,0,0,0,0,103,103,0.000000,0.000000,0.000000,0.000000,1.000000,0.000000,0.000000,100,100,1.000000,0.000000,0.000000,0.000000,0.000000,0.000000,0.000000,0.000000
0.361194,tcp,22,RSTOS0,0,0,0,3,0,0,0,0,0,0,0,0,0,0,0,0,0,0,104,104,0.000000,0.000000,0.000000,0.000000,1.000000,0.000000,0.000000,100,100,1.000000,0.000000,0.000000,0.000000,0.000000,0.000000,0.000000,0.000000
0.268704,tcp,22,RSTOS0,0,0,0,3,0,0,0,0,0,0,0,0,0,0,0,0,0,0,105,105,0.000000,0.000000,0.000000,0.000000,1.000000,0.000000,0.000000,100,100,1.000000,0.000000,0.000000,0.000000,0.000000,0.000000,0.000000,0.000000
0.145056,tcp,22,SH,0,0,0,3,0,0,0,0,0,0,0,0,0,0,0,0,0,0,106,106,0.000000,0.000000,0.000000,0.000000,1.000000,0.000000,0.000000,100,100,1.000000,0.000000,0.000000,0.000000,0.000000,0.000000,0.000000,0.000000
0.145075,tcp,22,SH,0,0,0,3,0,0,0,0,0,0,0,0,0,0,0,0,0,0,107,107,0.000000,0.000000,0.000000,0.000000,1.000000,0.000000,0.000000,100,100,1.000000,0.000000,0.000000,0.000000,0.000000,0.000000,0.000000,0.000000
0.145076,tcp,22,SH,0,0,0,3,0,0,0,0,0,0,0,0,0,0,0,0,0,0,108,108,0.000000,0.000000,0.000000,0.000000,1.000000,0.000000,0.000000,100,100,1.000000,0.000000,0.000000,0.000000,0.000000,0.000000,0.000000,0.000000
0.215453,tcp,22,RSTOS0,0,0,0,3,0,0,0,0,0,0,0,0,0,0,0,0,0,0,109,109,0.000000,0.000000,0.000000,0.000000,1.000000,0.000000,0.000000,100,100,1.000000,0.000000,0.000000,0.000000,0.000000,0.000000,0.000000,0.000000
0.316794,tcp,22,RSTOS0,0,0,0,3,0,0,0,0,0,0,0,0,0,0,0,0,0,0,110,110,0.000000,0.000000,0.000000,0.000000,1.000000,0.000000,0.000000,100,100,1.000000,0.000000,0.000000,0.000000,0.000000,0.000000,0.000000,0.000000
0.266483,tcp,22,RSTOS0,0,0,0,3,0,0,0,0,0,0,0,0,0,0,0,0,0,0,111,111,0.000000,0.000000,0.000000,0.000000,1.000000,0.000000,0.000000,100,100,1.000000,0.000000,0.000000,0.000000,0.000000,0.000000,0.000000,0.000000
0.145704,tcp,22,SH,0,0,0,3,0,0,0,0,0,0,0,0,0,0,0,0,0,0,112,112,0.000000,0.000000,0.000000,0.000000,1.000000,0.000000,0.000000,100,100,1.000000,0.000000,0.000000,0.000000,0.000000,0.000000,0.000000,0.000000
0.145783,tcp,22,SH,0,0,0,3,0,0,0,0,0,0,0,0,0,0,0,0,0,0,113,113,0.000000,0.000000,0.000000,0.000000,1.000000,0.000000,0.000000,100,100,1.000000,0.000000,0.000000,0.000000,0.000000,0.000000,0.000000,0.000000
0.145782,tcp,22,SH,0,0,0,3,0,0,0,0,0,0,0,0,0,0,0,0,0,0,114,114,0.000000,0.000000,0.000000,0.000000,1.000000,0.000000,0.000000,100,100,1.000000,0.000000,0.000000,0.000000,0.000000,0.000000,0.000000,0.000000
0.145778,tcp,22,SH,0,0,0,3,0,0,0,0,0,0,0,0,0,0,0,0,0,0,115,115,0.000000,0.000000,0.000000,0.000000,1.000000,0.000000,0.000000,100,100,1.000000,0.000000,0.000000,0.000000,0.000000,0.000000,0.000000,0.000000
0.279580,tcp,22,RSTOS0,0,0,0,3,0,0,0,0,0,0,0,0,0,0,0,0,0,0,116,116,0.000000,0.000000,0.000000,0.000000,1.000000,0.000000,0.000000,100,100,1.000000,0.000000,0.000000,0.000000,0.000000,0.000000,0.000000,0.000000
0.301797,tcp,22,RSTOS0,0,0,0,3,0,0,0,0,0,0,0,0,0,0,0,0,0,0,117,117,0.000000,0.000000,0.000000,0.000000,1.000000,0.000000,0.000000,100,100,1.000000,0.000000,0.000000,0.000000,0.000000,0.000000,0.000000,0.000000
0.146267,tcp,22,SH,0,0,0,3,0,0,0,0,0,0,0,0,0,0,0,0,0,0,118,118,0.000000,0.000000,0.000000,0.000000,1.000000,0.000000,0.000000,100,100,1.000000,0.000000,0.000000,0.000000,0.000000,0.000000,0.000000,0.000000
0.287506,tcp,22,RSTOS0,0,0,0,3,0,0,0,0,0,0,0,0,0,0,0,0,0,0,119,119,0.000000,0.000000,0.000000,0.000000,1.000000,0.000000,0.000000,100,100,1.000000,0.000000,0.000000,0.000000,0.000000,0.000000,0.000000,0.000000
0.251602,tcp,22,RSTOS0,0,0,0,3,0,0,0,0,0,0,0,0,0,0,0,0,0,0,120,120,0.000000,0.000000,0.000000,0.000000,1.000000,0.000000,0.000000,100,100,1.000000,0.000000,0.000000,0.000000,0.000000,0.000000,0.000000,0.000000
0.146711,tcp,22,SH,0,0,0,3,0,0,0,0,0,0,0,0,0,0,0,0,0,0,121,121,0.000000,0.000000,0.000000,0.000000,1.000000,0.000000,0.000000,100,100,1.000000,0.000000,0.000000,0.000000,0.000000,0.000000,0.000000,0.000000
0.147098,tcp,22,SH,0,0,0,3,0,0,0,0,0,0,0,0,0,0,0,0,0,0,122,122,0.000000,0.000000,0.000000,0.000000,1.000000,0.000000,0.000000,100,100,1.000000,0.000000,0.000000,0.000000,0.000000,0.000000,0.000000,0.000000
0.327980,tcp,22,RSTOS0,0,0,0,3,0,0,0,0,0,0,0,0,0,0,0,0,0,0,123,123,0.000000,0.000000,0.000000,0.000000,1.000000,0.000000,0.000000,100,100,1.000000,0.000000,0.000000,0.000000,0.000000,0.000000,0.000000,0.000000
0.359964,tcp,22,RSTOS0,0,0,0,3,0,0,0,0,0,0,0,0,0,0,0,0,0,0,124,124,0.000000,0.000000,0.000000,0.000000,1.000000,0.000000,0.000000,100,100,1.000000,0.000000,0.000000,0.000000,0.000000,0.000000,0.000000,0.000000
0.363242,tcp,22,RSTOS0,0,0,0,3,0,0,0,0,0,0,0,0,0,0,0,0,0,0,125,125,0.000000,0.000000,0.000000,0.000000,1.000000,0.000000,0.000000,100,100,1.000000,0.000000,0.000000,0.000000,0.000000,0.000000,0.000000,0.000000
0.332259,tcp,22,RSTOS0,0,0,0,3,0,0,0,0,0,0,0,0,0,0,0,0,0,0,126,126,0.000000,0.000000,0.000000,0.000000,1.000000,0.000000,0.000000,100,100,1.000000,0.000000,0.000000,0.000000,0.000000,0.000000,0.000000,0.000000
0.319616,tcp,22,RSTOS0,0,0,0,3,0,0,0,0,0,0,0,0,0,0,0,0,0,0,127,127,0.000000,0.000000,0.000000,0.000000,1.000000,0.000000,0.000000,100,100,1.000000,0.000000,0.000000,0.000000,0.000000,0.000000,0.000000,0.000000
0.362500,tcp,22,RSTOS0,0,0,0,3,0,0,0,0,0,0,0,0,0,0,0,0,0,0,128,128,0.000000,0.000000,0.000000,0.000000,1.000000,0.000000,0.000000,100,100,1.000000,0.000000,0.000000,0.000000,0.000000,0.000000,0.000000,0.000000
0.276444,tcp,22,SH,0,0,0,3,0,0,0,0,0,0,0,0,0,0,0,0,0,0,129,129,0.000000,0.000000,0.000000,0.000000,1.000000,0.000000,0.000000,100,100,1.000000,0.000000,0.000000,0.000000,0.000000,0.000000,0.000000,0.000000
0.276482,tcp,22,SH,0,0,0,3,0,0,0,0,0,0,0,0,0,0,0,0,0,0,130,130,0.000000,0.000000,0.000000,0.000000,1.000000,0.000000,0.000000,100,100,1.000000,0.000000,0.000000,0.000000,0.000000,0.000000,0.000000,0.000000
0.347343,tcp,22,RSTOS0,0,0,0,3,0,0,0,0,0,0,0,0,0,0,0,0,0,0,131,131,0.000000,0.000000,0.000000,0.000000,1.000000,0.000000,0.000000,100,100,1.000000,0.000000,0.000000,0.000000,0.000000,0.000000,0.000000,0.000000
0.276801,tcp,22,SH,0,0,0,3,0,0,0,0,0,0,0,0,0,0,0,0,0,0,132,132,0.000000,0.000000,0.000000,0.000000,1.000000,0.000000,0.000000,100,100,1.000000,0.000000,0.000000,0.000000,0.000000,0.000000,0.000000,0.000000
0.339657,tcp,22,RSTOS0,0,0,0,3,0,0,0,0,0,0,0,0,0,0,0,0,0,0,133,133,0.000000,0.000000,0.000000,0.000000,1.000000,0.000000,0.000000,100,100,1.000000,0.000000,0.000000,0.000000,0.000000,0.000000,0.000000,0.000000
0.277077,tcp,22,SH,0,0,0,3,0,0,0,0,0,0,0,0,0,0,0,0,0,0,134,134,0.000000,0.000000,0.000000,0.000000,1.000000,0.000000,0.000000,100,100,1.000000,0.000000,0.000000,0.000000,0.000000,0.000000,0.000000,0.000000
0.277067,tcp,22,SH,0,0,0,3,0,0,0,0,0,0,0,0,0,0,0,0,0,0,135,135,0.000000,0.000000,0.000000,0.000000,1.000000,0.000000,0.000000,100,100,1.000000,0.000000,0.000000,0.000000,0.000000,0.000000,0.000000,0.000000
0.277071,tcp,22,SH,0,0,0,3,0,0,0,0,0,0,0,0,0,0,0,0,0,0,136,136,0.000000,0.000000,0.000000,0.000000,1.000000,0.000000,0.000000,100,100,1.000000,0.000000,0.000000,0.000000,0.000000,0.000000,0.000000,0.000000
0.000113,tcp,22,RSTOS0,0,0,0,1,0,0,0,0,0,0,0,0,0,0,0,0,0,0,137,137,0.000000,0.000000,0.000000,0.000000,1.000000,0.000000,0.000000,100,100,1.000000,0.000000,0.000000,0.000000,0.000000,0.000000,0.000000,0.000000
0.000141,tcp,22,RSTOS0,0,0,0,1,0,0,0,0,0,0,0,0,0,0,0,0,0,0,138,138,0.000000,0.000000,0.000000,0.000000,1.000000,0.000000,0.000000,100,100,1.000000,0.000000,0.000000,0.000000,0.000000,0.000000,0.000000,0.000000
0.291660,tcp,22,RSTOS0,0,0,0,3,0,0,0,0,0,0,0,0,0,0,0,0,0,0,139,139,0.000000,0.000000,0.000000,0.000000,1.000000,0.000000,0.000000,100,100,1.000000,0.000000,0.000000,0.000000,0.000000,0.000000,0.000000,0.000000
0.306056,tcp,22,RSTOS0,0,0,0,3,0,0,0,0,0,0,0,0,0,0,0,0,0,0,140,140,0.000000,0.000000,0.000000,0.000000,1.000000,0.000000,0.000000,100,100,1.000000,0.000000,0.000000,0.000000,0.000000,0.000000,0.000000,0.000000
0.000136,tcp,22,RSTOS0,0,0,0,1,0,0,0,0,0,0,0,0,0,0,0,0,0,0,141,141,0.000000,0.000000,0.000000,0.000000,1.000000,0.000000,0.000000,100,100,1.000000,0.000000,0.000000,0.000000,0.000000,0.000000,0.000000,0.000000
0.000105,tcp,22,RSTOS0,0,0,0,1,0,0,0,0,0,0,0,0,0,0,0,0,0,0,142,142,0.000000,0.000000,0.000000,0.000000,1.000000,0.000000,0.000000,100,100,1.000000,0.000000,0.000000,0.000000,0.000000,0.000000,0.000000,0.000000
0.000188,tcp,22,RSTOS0,0,0,0,1,0,0,0,0,0,0,0,0,0,0,0,0,0,0,143,143,0.000000,0.000000,0.000000,0.000000,1.000000,0.000000,0.000000,100,100,1.000000,0.000000,0.000000,0.000000,0.000000,0.000000,0.000000,0.000000
0.000086,tcp,22,RSTOS0,0,0,0,1,0,0,0,0,0,0,0,0,0,0,0,0,0,0,144,144,0.000000,0.000000,0.000000,0.000000,1.000000,0.000000,0.000000,100,100,1.000000,0.000000,0.000000,0.000000,0.000000,0.000000,0.000000,0.000000
0.000107,tcp,22,RSTOS0,0,0,0,1,0,0,0,0,0,0,0,0,0,0,0,0,0,0,145,145,0.000000,0.000000,0.000000,0.000000,1.000000,0.000000,0.000000,100,100,1.000000,0.000000,0.000000,0.000000,0.000000,0.000000,0.000000,0.000000
0.000176,tcp,22,RSTOS0,0,0,0,1,0,0,0,0,0,0,0,0,0,0,0,0,0,0,146,146,0.000000,0.000000,0.000000,0.000000,1.000000,0.000000,0.000000,100,100,1.000000,0.000000,0.000000,0.000000,0.000000,0.000000,0.000000,0.000000
0.262284,tcp,22,RSTOS0,0,0,0,3,0,0,0,0,0,0,0,0,0,0,0,0,0,0,147,147,0.000000,0.000000,0.000000,0.000000,1.000000,0.000000,0.000000,100,100,1.000000,0.000000,0.000000,0.000000,0.000000,0.000000,0.000000,0.000000
0.254125,tcp,22,RSTOS0,0,0,0,3,0,0,0,0,0,0,0,0,0,0,0,0,0,0,148,148,0.000000,0.000000,0.000000,0.000000,1.000000,0.000000,0.000000,100,100,1.000000,0.000000,0.000000,0.000000,0.000000,0.000000,0.000000,0.000000
0.293271,tcp,22,RSTOS0,0,0,0,3,0,0,0,0,0,0,0,0,0,0,0,0,0,0,149,149,0.000000,0.000000,0.000000,0.000000,1.000000,0.000000,0.000000,100,100,1.000000,0.000000,0.000000,0.000000,0.000000,0.000000,0.000000,0.000000
0.245121,tcp,22,RSTOS0,0,0,0,3,0,0,0,0,0,0,0,0,0,0,0,0,0,0,150,150,0.000000,0.000000,0.000000,0.000000,1.000000,0.000000,0.000000,100,100,1.000000,0.000000,0.000000,0.000000,0.000000,0.000000,0.000000,0.000000
0.247277,tcp,22,RSTOS0,0,0,0,3,0,0,0,0,0,0,0,0,0,0,0,0,0,0,151,151,0.000000,0.000000,0.000000,0.000000,1.000000,0.000000,0.000000,100,100,1.000000,0.000000,0.000000,0.000000,0.000000,0.000000,0.000000,0.000000
0.229543,tcp,22,RSTOS0,0,0,0,3,0,0,0,0,0,0,0,0,0,0,0,0,0,0,152,152,0.000000,0.000000,0.000000,0.000000,1.000000,0.000000,0.000000,100,100,1.000000,0.000000,0.000000,0.000000,0.000000,0.000000,0.000000,0.000000
0.260938,tcp,22,RSTOS0,0,0,0,3,0,0,0,0,0,0,0,0,0,0,0,0,0,0,153,153,0.000000,0.000000,0.000000,0.000000,1.000000,0.000000,0.000000,100,100,1.000000,0.000000,0.000000,0.000000,0.000000,0.000000,0.000000,0.000000
0.239997,tcp,22,RSTOS0,0,0,0,3,0,0,0,0,0,0,0,0,0,0,0,0,0,0,154,154,0.000000,0.000000,0.000000,0.000000,1.000000,0.000000,0.000000,100,100,1.000000,0.000000,0.000000,0.000000,0.000000,0.000000,0.000000,0.000000
0.246207,tcp,22,RSTOS0,0,0,0,3,0,0,0,0,0,0,0,0,0,0,0,0,0,0,155,155,0.000000,0.000000,0.000000,0.000000,1.000000,0.000000,0.000000,100,100,1.000000,0.000000,0.000000,0.000000,0.000000,0.000000,0.000000,0.000000
0.230558,tcp,22,RSTOS0,0,0,0,3,0,0,0,0,0,0,0,0,0,0,0,0,0,0,156,156,0.000000,0.000000,0.000000,0.000000,1.000000,0.000000,0.000000,100,100,1.000000,0.000000,0.000000,0.000000,0.000000,0.000000,0.000000,0.000000
0.231402,tcp,22,RSTOS0,0,0,0,3,0,0,0,0,0,0,0,0,0,0,0,0,0,0,157,157,0.000000,0.000000,0.000000,0.000000,1.000000,0.000000,0.000000,100,100,1.000000,0.000000,0.000000,0.000000,0.000000,0.000000,0.000000,0.000000
0.253065,tcp,22,RSTOS0,0,0,0,3,0,0,0,0,0,0,0,0,0,0,0,0,0,0,158,158,0.000000,0.000000,0.000000,0.000000,1.000000,0.000000,0.000000,100,100,1.000000,0.000000,0.000000,0.000000,0.000000,0.000000,0.000000,0.000000
0.007868,tcp,22,SH,0,0,0,2,0,0,0,0,0,0,0,0,0,0,0,0,0,0,159,159,0.000000,0.000000,0.000000,0.000000,1.000000,0.000000,0.000000,100,100,1.000000,0.000000,0.000000,0.000000,0.000000,0.000000,0.000000,0.000000
0.280795,tcp,22,RSTOS0,0,0,0,3,0,0,0,0,0,0,0,0,0,0,0,0,0,0,160,160,0.000000,0.000000,0.000000,0.000000,1.000000,0.000000,0.000000,100,100,1.000000,0.000000,0.000000,0.000000,0.000000,0.000000,0.000000,0.000000
0.263279,tcp,22,RSTOS0,0,0,0,3,0,0,0,0,0,0,0,0,0,0,0,0,0,0,161,161,0.000000,0.000000,0.000000,0.000000,1.000000,0.000000,0.000000,100,100,1.000000,0.000000,0.000000,0.000000,0.000000,0.000000,0.000000,0.000000
0.281724,tcp,22,RSTOS0,0,0,0,3,0,0,0,0,0,0,0,0,0,0,0,0,0,0,162,162,0.000000,0.000000,0.000000,0.000000,1.000000,0.000000,0.000000,100,100,1.000000,0.000000,0.000000,0.000000,0.000000,0.000000,0.000000,0.000000
0.089057,tcp,22,SH,0,0,0,3,0,0,0,0,0,0,0,0,0,0,0,0,0,0,163,163,0.000000,0.000000,0.000000,0.000000,1.000000,0.000000,0.000000,100,100,1.000000,0.000000,0.000000,0.000000,0.000000,0.000000,0.000000,0.000000
0.301171,tcp,22,RSTOS0,0,0,0,3,0,0,0,0,0,0,0,0,0,0,0,0,0,0,164,164,0.000000,0.000000,0.000000,0.000000,1.000000,0.000000,0.000000,100,100,1.000000,0.000000,0.000000,0.000000,0.000000,0.000000,0.000000,0.000000
0.313210,tcp,22,RSTOS0,0,0,0,3,0,0,0,0,0,0,0,0,0,0,0,0,0,0,165,165,0.000000,0.000000,0.000000,0.000000,1.000000,0.000000,0.000000,100,100,1.000000,0.000000,0.000000,0.000000,0.000000,0.000000,0.000000,0.000000
0.090173,tcp,22,SH,0,0,0,3,0,0,0,0,0,0,0,0,0,0,0,0,0,0,166,166,0.000000,0.000000,0.000000,0.000000,1.000000,0.000000,0.000000,100,100,1.000000,0.000000,0.000000,0.000000,0.000000,0.000000,0.000000,0.000000
0.321281,tcp,22,RSTOS0,0,0,0,3,0,0,0,0,0,0,0,0,0,0,0,0,0,0,167,167,0.000000,0.000000,0.000000,0.000000,1.000000,0.000000,0.000000,100,100,1.000000,0.000000,0.000000,0.000000,0.000000,0.000000,0.000000,0.000000
0.089932,tcp,22,SH,0,0,0,3,0,0,0,0,0,0,0,0,0,0,0,0,0,0,168,168,0.000000,0.000000,0.000000,0.000000,1.000000,0.000000,0.000000,100,100,1.000000,0.000000,0.000000,0.000000,0.000000,0.000000,0.000000,0.000000
0.090234,tcp,22,SH,0,0,0,3,0,0,0,0,0,0,0,0,0,0,0,0,0,0,169,169,0.000000,0.000000,0.000000,0.000000,1.000000,0.000000,0.000000,100,100,1.000000,0.000000,0.000000,0.000000,0.000000,0.000000,0.000000,0.000000
0.090819,tcp,22,SH,0,0,0,3,0,0,0,0,0,0,0,0,0,0,0,0,0,0,170,170,0.000000,0.000000,0.000000,0.000000,1.000000,0.000000,0.000000,100,100,1.000000,0.000000,0.000000,0.000000,0.000000,0.000000,0.000000,0.000000
0.352769,tcp,22,RSTOS0,0,0,0,3,0,0,0,0,0,0,0,0,0,0,0,0,0,0,171,171,0.000000,0.000000,0.000000,0.000000,1.000000,0.000000,0.000000,100,100,1.000000,0.000000,0.000000,0.000000,0.000000,0.000000,0.000000,0.000000
0.330751,tcp,22,RSTOS0,0,0,0,3,0,0,0,0,0,0,0,0,0,0,0,0,0,0,172,172,0.000000,0.000000,0.000000,0.000000,1.000000,0.000000,0.000000,100,100,1.000000,0.000000,0.000000,0.000000,0.000000,0.000000,0.000000,0.000000
0.338533,tcp,22,RSTOS0,0,0,0,3,0,0,0,0,0,0,0,0,0,0,0,0,0,0,173,173,0.000000,0.000000,0.000000,0.000000,1.000000,0.000000,0.000000,100,100,1.000000,0.000000,0.000000,0.000000,0.000000,0.000000,0.000000,0.000000
0.238808,tcp,22,RSTOS0,0,0,0,3,0,0,0,0,0,0,0,0,0,0,0,0,0,0,174,174,0.000000,0.000000,0.000000,0.000000,1.000000,0.000000,0.000000,100,100,1.000000,0.000000,0.000000,0.000000,0.000000,0.000000,0.000000,0.000000
0.337398,tcp,22,RSTOS0,0,0,0,3,0,0,0,0,0,0,0,0,0,0,0,0,0,0,175,175,0.000000,0.000000,0.000000,0.000000,1.000000,0.000000,0.000000,100,100,1.000000,0.000000,0.000000,0.000000,0.000000,0.000000,0.000000,0.000000
0.368680,tcp,22,RSTOS0,0,0,0,3,0,0,0,0,0,0,0,0,0,0,0,0,0,0,176,176,0.000000,0.000000,0.000000,0.000000,1.000000,0.000000,0.000000,100,100,1.000000,0.000000,0.000000,0.000000,0.000000,0.000000,0.000000,0.000000
0.377014,tcp,22,RSTOS0,0,0,0,3,0,0,0,0,0,0,0,0,0,0,0,0,0,0,177,177,0.000000,0.000000,0.000000,0.000000,1.000000,0.000000,0.000000,100,100,1.000000,0.000000,0.000000,0.000000,0.000000,0.000000,0.000000,0.000000
0.090123,tcp,22,SH,0,0,0,3,0,0,0,0,0,0,0,0,0,0,0,0,0,0,178,178,0.000000,0.000000,0.000000,0.000000,1.000000,0.000000,0.000000,100,100,1.000000,0.000000,0.000000,0.000000,0.000000,0.000000,0.000000,0.000000
0.360725,tcp,22,RSTOS0,0,0,0,3,0,0,0,0,0,0,0,0,0,0,0,0,0,0,179,179,0.000000,0.000000,0.000000,0.000000,1.000000,0.000000,0.000000,100,100,1.000000,0.000000,0.000000,0.000000,0.000000,0.000000,0.000000,0.000000
0.090947,tcp,22,SH,0,0,0,3,0,0,0,0,0,0,0,0,0,0,0,0,0,0,180,180,0.000000,0.000000,0.000000,0.000000,1.000000,0.000000,0.000000,100,100,1.000000,0.000000,0.000000,0.000000,0.000000,0.000000,0.000000,0.000000
0.405240,tcp,22,RSTOS0,0,0,0,3,0,0,0,0,0,0,0,0,0,0,0,0,0,0,181,181,0.000000,0.000000,0.000000,0.000000,1.000000,0.000000,0.000000,100,100,1.000000,0.000000,0.000000,0.000000,0.000000,0.000000,0.000000,0.000000
0.399561,tcp,22,RSTOS0,0,0,0,3,0,0,0,0,0,0,0,0,0,0,0,0,0,0,182,182,0.000000,0.000000,0.000000,0.000000,1.000000,0.000000,0.000000,100,100,1.000000,0.000000,0.000000,0.000000,0.000000,0.000000,0.000000,0.000000
0.092167,tcp,22,SH,0,0,0,3,0,0,0,0,0,0,0,0,0,0,0,0,0,0,183,183,0.000000,0.000000,0.000000,0.000000,1.000000,0.000000,0.000000,100,100,1.000000,0.000000,0.000000,0.000000,0.000000,0.000000,0.000000,0.000000
0.092174,tcp,22,SH,0,0,0,3,0,0,0,0,0,0,0,0,0,0,0,0,0,0,184,184,0.000000,0.000000,0.000000,0.000000,1.000000,0.000000,0.000000,100,100,1.000000,0.000000,0.000000,0.000000,0.000000,0.000000,0.000000,0.000000
0.625027,tcp,22,RSTOS0,0,0,0,3,0,0,0,0,0,0,0,0,0,0,0,0,0,0,185,185,0.000000,0.000000,0.000000,0.000000,1.000000,0.000000,0.000000,100,100,1.000000,0.000000,0.000000,0.000000,0.000000,0.000000,0.000000,0.000000
0.092168,tcp,22,SH,0,0,0,3,0,0,0,0,0,0,0,0,0,0,0,0,0,0,186,186,0.000000,0.000000,0.000000,0.000000,1.000000,0.000000,0.000000,100,100,1.000000,0.000000,0.000000,0.000000,0.000000,0.000000,0.000000,0.000000
0.452925,tcp,22,RSTOS0,0,0,0,3,0,0,0,0,0,0,0,0,0,0,0,0,0,0,187,187,0.000000,0.000000,0.000000,0.000000,1.000000,0.000000,0.000000,100,100,1.000000,0.000000,0.000000,0.000000,0.000000,0.000000,0.000000,0.000000
0.438510,tcp,22,RSTOS0,0,0,0,3,0,0,0,0,0,0,0,0,0,0,0,0,0,0,188,188,0.000000,0.000000,0.000000,0.000000,1.000000,0.000000,0.000000,100,100,1.000000,0.000000,0.000000,0.000000,0.000000,0.000000,0.000000,0.000000
0.497867,tcp,22,RSTOS0,0,0,0,3,0,0,0,0,0,0,0,0,0,0,0,0,0,0,189,189,0.000000,0.000000,0.000000,0.000000,1.000000,0.000000,0.000000,100,100,1.000000,0.000000,0.000000,0.000000,0.000000,0.000000,0.000000,0.000000
0.445051,tcp,22,RSTOS0,0,0,0,3,0,0,0,0,0,0,0,0,0,0,0,0,0,0,190,190,0.000000,0.000000,0.000000,0.000000,1.000000,0.000000,0.000000,100,100,1.000000,0.000000,0.000000,0.000000,0.000000,0.000000,0.000000,0.000000
0.460920,tcp,22,RSTOS0,0,0,0,3,0,0,0,0,0,0,0,0,0,0,0,0,0,0,191,191,0.000000,0.000000,0.000000,0.000000,1.000000,0.000000,0.000000,100,100,1.000000,0.000000,0.000000,0.000000,0.000000,0.000000,0.000000,0.000000
0.407981,tcp,22,RSTOS0,0,0,0,3,0,0,0,0,0,0,0,0,0,0,0,0,0,0,192,192,0.000000,0.000000,0.000000,0.000000,1.000000,0.000000,0.000000,100,100,1.000000,0.000000,0.000000,0.000000,0.000000,0.000000,0.000000,0.000000
0.496759,tcp,22,RSTOS0,0,0,0,3,0,0,0,0,0,0,0,0,0,0,0,0,0,0,193,193,0.000000,0.000000,0.000000,0.000000,1.000000,0.000000,0.000000,100,100,1.000000,0.000000,0.000000,0.000000,0.000000,0.000000,0.000000,0.000000
0.255564,tcp,22,SH,0,0,0,3,0,0,0,0,0,0,0,0,0,0,0,0,0,0,194,194,0.000000,0.000000,0.000000,0.000000,1.000000,0.000000,0.000000,100,100,1.000000,0.000000,0.000000,0.000000,0.000000,0.000000,0.000000,0.000000
0.423468,tcp,22,RSTOS0,0,0,0,3,0,0,0,0,0,0,0,0,0,0,0,0,0,0,195,195,0.000000,0.000000,0.000000,0.000000,1.000000,0.000000,0.000000,100,100,1.000000,0.000000,0.000000,0.000000,0.000000,0.000000,0.000000,0.000000
0.525763,tcp,22,RSTOS0,0,0,0,3,0,0,0,0,0,0,0,0,0,0,0,0,0,0,196,196,0.000000,0.000000,0.000000,0.000000,1.000000,0.000000,0.000000,100,100,1.000000,0.000000,0.000000,0.000000,0.000000,0.000000,0.000000,0.000000
0.569467,tcp,22,RSTOS0,0,0,0,3,0,0,0,0,0,0,0,0,0,0,0,0,0,0,197,197,0.000000,0.000000,0.000000,0.000000,1.000000,0.000000,0.000000,100,100,1.000000,0.000000,0.000000,0.000000,0.000000,0.000000,0.000000,0.000000
0.494041,tcp,22,RSTOS0,0,0,0,3,0,0,0,0,0,0,0,0,0,0,0,0,0,0,198,198,0.000000,0.000000,0.000000,0.000000,1.000000,0.000000,0.000000,100,100,1.000000,0.000000,0.000000,0.000000,0.000000,0.000000,0.000000,0.000000
0.362186,tcp,22,SH,0,0,0,3,0,0,0,0,0,0,0,0,0,0,0,0,0,0,199,199,0.000000,0.000000,0.000000,0.000000,1.000000,0.000000,0.000000,100,100,1.000000,0.000000,0.000000,0.000000,0.000000,0.000000,0.000000,0.000000
0.570711,tcp,22,RSTOS0,0,0,0,3,0,0,0,0,0,0,0,0,0,0,0,0,0,0,200,200,0.000000,0.000000,0.000000,0.000000,1.000000,0.000000,0.000000,100,100,1.000000,0.000000,0.000000,0.000000,0.000000,0.000000,0.000000,0.000000
0.585056,tcp,22,RSTOS0,0,0,0,3,0,0,0,0,0,0,0,0,0,0,0,0,0,0,201,201,0.000000,0.000000,0.000000,0.000000,1.000000,0.000000,0.000000,100,100,1.000000,0.000000,0.000000,0.000000,0.000000,0.000000,0.000000,0.000000
0.331613,tcp,22,SH,0,0,0,3,0,0,0,0,0,0,0,0,0,0,0,0,0,0,202,202,0.000000,0.000000,0.000000,0.000000,1.000000,0.000000,0.000000,100,100,1.000000,0.000000,0.000000,0.000000,0.000000,0.000000,0.000000,0.000000
0.518602,tcp,22,RSTOS0,0,0,0,3,0,0,0,0,0,0,0,0,0,0,0,0,0,0,203,203,0.000000,0.000000,0.000000,0.000000,1.000000,0.000000,0.000000,100,100,1.000000,0.000000,0.000000,0.000000,0.000000,0.000000,0.000000,0.000000
0.362632,tcp,22,SH,0,0,0,3,0,0,0,0,0,0,0,0,0,0,0,0,0,0,204,204,0.000000,0.000000,0.000000,0.000000,1.000000,0.000000,0.000000,100,100,1.000000,0.000000,0.000000,0.000000,0.000000,0.000000,0.000000,0.000000
0.362637,tcp,22,SH,0,0,0,3,0,0,0,0,0,0,0,0,0,0,0,0,0,0,205,205,0.000000,0.000000,0.000000,0.000000,1.000000,0.000000,0.000000,100,100,1.000000,0.000000,0.000000,0.000000,0.000000,0.000000,0.000000,0.000000
0.362631,tcp,22,SH,0,0,0,3,0,0,0,0,0,0,0,0,0,0,0,0,0,0,206,206,0.000000,0.000000,0.000000,0.000000,1.000000,0.000000,0.000000,100,100,1.000000,0.000000,0.000000,0.000000,0.000000,0.000000,0.000000,0.000000
0.636554,tcp,22,RSTOS0,0,0,0,3,0,0,0,0,0,0,0,0,0,0,0,0,0,0,207,207,0.000000,0.000000,0.000000,0.000000,1.000000,0.000000,0.000000,100,100,1.000000,0.000000,0.000000,0.000000,0.000000,0.000000,0.000000,0.000000
0.562369,tcp,22,RSTOS0,0,0,0,3,0,0,0,0,0,0,0,0,0,0,0,0,0,0,208,208,0.000000,0.000000,0.000000,0.000000,1.000000,0.000000,0.000000,100,100,1.000000,0.000000,0.000000,0.000000,0.000000,0.000000,0.000000,0.000000
0.363148,tcp,22,SH,0,0,0,3,0,0,0,0,0,0,0,0,0,0,0,0,0,0,209,209,0.000000,0.000000,0.000000,0.000000,1.000000,0.000000,0.000000,100,100,1.000000,0.000000,0.000000,0.000000,0.000000,0.000000,0.000000,0.000000
0.626737,tcp,22,RSTOS0,0,0,0,3,0,0,0,0,0,0,0,0,0,0,0,0,0,0,210,210,0.000000,0.000000,0.000000,0.000000,1.000000,0.000000,0.000000,100,100,1.000000,0.000000,0.000000,0.000000,0.000000,0.000000,0.000000,0.000000
0.363594,tcp,22,SH,0,0,0,3,0,0,0,0,0,0,0,0,0,0,0,0,0,0,211,211,0.000000,0.000000,0.000000,0.000000,1.000000,0.000000,0.000000,100,100,1.000000,0.000000,0.000000,0.000000,0.000000,0.000000,0.000000,0.000000
0.594489,tcp,22,RSTOS0,0,0,0,3,0,0,0,0,0,0,0,0,0,0,0,0,0,0,212,212,0.000000,0.000000,0.000000,0.000000,1.000000,0.000000,0.000000,100,100,1.000000,0.000000,0.000000,0.000000,0.000000,0.000000,0.000000,0.000000
0.476961,tcp,22,SH,0,0,0,3,0,0,0,0,0,0,0,0,0,0,0,0,0,0,213,213,0.000000,0.000000,0.000000,0.000000,1.000000,0.000000,0.000000,100,100,1.000000,0.000000,0.000000,0.000000,0.000000,0.000000,0.000000,0.000000
0.363866,tcp,22,SH,0,0,0,3,0,0,0,0,0,0,0,0,0,0,0,0,0,0,214,214,0.000000,0.000000,0.000000,0.000000,1.000000,0.000000,0.000000,100,100,1.000000,0.000000,0.000000,0.000000,0.000000,0.000000,0.000000,0.000000
0.647130,tcp,22,RSTOS0,0,0,0,3,0,0,0,0,0,0,0,0,0,0,0,0,0,0,215,215,0.000000,0.000000,0.000000,0.000000,1.000000,0.000000,0.000000,100,100,1.000000,0.000000,0.000000,0.000000,0.000000,0.000000,0.000000,0.000000
0.650897,tcp,22,RSTOS0,0,0,0,3,0,0,0,0,0,0,0,0,0,0,0,0,0,0,216,216,0.000000,0.000000,0.000000,0.000000,1.000000,0.000000,0.000000,100,100,1.000000,0.000000,0.000000,0.000000,0.000000,0.000000,0.000000,0.000000
0.363848,tcp,22,SH,0,0,0,3,0,0,0,0,0,0,0,0,0,0,0,0,0,0,217,217,0.000000,0.000000,0.000000,0.000000,1.000000,0.000000,0.000000,100,100,1.000000,0.000000,0.000000,0.000000,0.000000,0.000000,0.000000,0.000000
0.645283,tcp,22,RSTOS0,0,0,0,3,0,0,0,0,0,0,0,0,0,0,0,0,0,0,218,218,0.000000,0.000000,0.000000,0.000000,1.000000,0.000000,0.000000,100,100,1.000000,0.000000,0.000000,0.000000,0.000000,0.000000,0.000000,0.000000
0.477020,tcp,22,SH,0,0,0,3,0,0,0,0,0,0,0,0,0,0,0,0,0,0,219,219,0.000000,0.000000,0.000000,0.000000,1.000000,0.000000,0.000000,100,100,1.000000,0.000000,0.000000,0.000000,0.000000,0.000000,0.000000,0.000000
0.610728,tcp,22,RSTOS0,0,0,0,3,0,0,0,0,0,0,0,0,0,0,0,0,0,0,220,220,0.000000,0.000000,0.000000,0.000000,1.000000,0.000000,0.000000,100,100,1.000000,0.000000,0.000000,0.000000,0.000000,0.000000,0.000000,0.000000
0.660879,tcp,22,RSTOS0,0,0,0,3,0,0,0,0,0,0,0,0,0,0,0,0,0,0,221,221,0.000000,0.000000,0.000000,0.000000,1.000000,0.000000,0.000000,100,100,1.000000,0.000000,0.000000,0.000000,0.000000,0.000000,0.000000,0.000000
0.678027,tcp,22,RSTOS0,0,0,0,3,0,0,0,0,0,0,0,0,0,0,0,0,0,0,222,222,0.000000,0.000000,0.000000,0.000000,1.000000,0.000000,0.000000,100,100,1.000000,0.000000,0.000000,0.000000,0.000000,0.000000,0.000000,0.000000
0.478151,tcp,22,SH,0,0,0,3,0,0,0,0,0,0,0,0,0,0,0,0,0,0,223,223,0.000000,0.000000,0.000000,0.000000,1.000000,0.000000,0.000000,100,100,1.000000,0.000000,0.000000,0.000000,0.000000,0.000000,0.000000,0.000000
0.668652,tcp,22,RSTOS0,0,0,0,3,0,0,0,0,0,0,0,0,0,0,0,0,0,0,224,224,0.000000,0.000000,0.000000,0.000000,1.000000,0.000000,0.000000,100,100,1.000000,0.000000,0.000000,0.000000,0.000000,0.000000,0.000000,0.000000
0.662009,tcp,22,RSTOS0,0,0,0,3,0,0,0,0,0,0,0,0,0,0,0,0,0,0,225,225,0.000000,0.000000,0.000000,0.000000,1.000000,0.000000,0.000000,100,100,1.000000,0.000000,0.000000,0.000000,0.000000,0.000000,0.000000,0.000000
0.677610,tcp,22,RSTOS0,0,0,0,3,0,0,0,0,0,0,0,0,0,0,0,0,0,0,226,226,0.000000,0.000000,0.000000,0.000000,1.000000,0.000000,0.000000,100,100,1.000000,0.000000,0.000000,0.000000,0.000000,0.000000,0.000000,0.000000
0.478124,tcp,22,SH,0,0,0,3,0,0,0,0,0,0,0,0,0,0,0,0,0,0,227,227,0.000000,0.000000,0.000000,0.000000,1.000000,0.000000,0.000000,100,100,1.000000,0.000000,0.000000,0.000000,0.000000,0.000000,0.000000,0.000000
0.478135,tcp,22,SH,0,0,0,3,0,0,0,0,0,0,0,0,0,0,0,0,0,0,228,228,0.000000,0.000000,0.000000,0.000000,1.000000,0.000000,0.000000,100,100,1.000000,0.000000,0.000000,0.000000,0.000000,0.000000,0.000000,0.000000
0.670730,tcp,22,RSTOS0,0,0,0,3,0,0,0,0,0,0,0,0,0,0,0,0,0,0,229,229,0.000000,0.000000,0.000000,0.000000,1.000000,0.000000,0.000000,100,100,1.000000,0.000000,0.000000,0.000000,0.000000,0.000000,0.000000,0.000000
0.478922,tcp,22,SH,0,0,0,3,0,0,0,0,0,0,0,0,0,0,0,0,0,0,230,230,0.000000,0.000000,0.000000,0.000000,1.000000,0.000000,0.000000,100,100,1.000000,0.000000,0.000000,0.000000,0.000000,0.000000,0.000000,0.000000
0.478118,tcp,22,SH,0,0,0,3,0,0,0,0,0,0,0,0,0,0,0,0,0,0,231,231,0.000000,0.000000,0.000000,0.000000,1.000000,0.000000,0.000000,100,100,1.000000,0.000000,0.000000,0.000000,0.000000,0.000000,0.000000,0.000000
0.478647,tcp,22,SH,0,0,0,3,0,0,0,0,0,0,0,0,0,0,0,0,0,0,232,232,0.000000,0.000000,0.000000,0.000000,1.000000,0.000000,0.000000,100,100,1.000000,0.000000,0.000000,0.000000,0.000000,0.000000,0.000000,0.000000
0.654306,tcp,22,RSTOS0,0,0,0,3,0,0,0,0,0,0,0,0,0,0,0,0,0,0,233,233,0.000000,0.000000,0.000000,0.000000,1.000000,0.000000,0.000000,100,100,1.000000,0.000000,0.000000,0.000000,0.000000,0.000000,0.000000,0.000000
0.479243,tcp,22,SH,0,0,0,3,0,0,0,0,0,0,0,0,0,0,0,0,0,0,234,234,0.000000,0.000000,0.000000,0.000000,1.000000,0.000000,0.000000,100,100,1.000000,0.000000,0.000000,0.000000,0.000000,0.000000,0.000000,0.000000
0.679329,tcp,22,RSTOS0,0,0,0,3,0,0,0,0,0,0,0,0,0,0,0,0,0,0,235,235,0.000000,0.000000,0.000000,0.000000,1.000000,0.000000,0.000000,100,100,1.000000,0.000000,0.000000,0.000000,0.000000,0.000000,0.000000,0.000000
0.684898,tcp,22,RSTOS0,0,0,0,3,0,0,0,0,0,0,0,0,0,0,0,0,0,0,236,236,0.000000,0.000000,0.000000,0.000000,1.000000,0.000000,0.000000,100,100,1.000000,0.000000,0.000000,0.000000,0.000000,0.000000,0.000000,0.000000
0.479591,tcp,22,SH,0,0,0,3,0,0,0,0,0,0,0,0,0,0,0,0,0,0,237,237,0.000000,0.000000,0.000000,0.000000,1.000000,0.000000,0.000000,100,100,1.000000,0.000000,0.000000,0.000000,0.000000,0.000000,0.000000,0.000000
0.009687,tcp,22,RSTOS0,0,0,0,3,0,0,0,0,0,0,0,0,0,0,0,0,0,0,91,91,0.000000,0.000000,0.000000,0.000000,1.000000,0.000000,0.000000,100,100,1.000000,0.000000,0.000000,0.000000,0.000000,0.000000,0.000000,0.000000
